{"cameraMode":{"drawMode":0,"name":"Shaded","section":"Shading Mode"},"sceneLighting":false,"audioPlay":false,"sceneViewState":{"showFog":true,"showMaterialUpdate":true,"showSkybox":false,"showFlares":true,"showImageEffects":true,"showParticleSystems":true},"in2DMode":false,"pivot":{"x":-0.4999999701976776,"y":0.4999999701976776,"z":0.4999999701976776},"rotation":{"x":0.19060122966766358,"y":-0.07356154918670654,"z":0.014247721061110497,"w":0.9788292050361633},"size":5.2578840255737309,"orthographic":false}