{"cameraMode":{"drawMode":0,"name":"Shaded","section":"Shading Mode"},"sceneLighting":false,"audioPlay":false,"sceneViewState":{"showFog":false,"showMaterialUpdate":false,"showSkybox":false,"showFlares":false,"showImageEffects":false,"showParticleSystems":false},"in2DMode":false,"pivot":{"x":6.180065155029297,"y":2.9694807529449465,"z":-0.19366049766540528},"rotation":{"x":0.27769193053245547,"y":-0.007205008063465357,"z":0.002082690130919218,"w":0.960644006729126},"size":4.507150173187256,"orthographic":false}