{"cameraMode":{"drawMode":0,"name":"Shaded","section":"Shading Mode"},"sceneLighting":false,"audioPlay":false,"sceneViewState":{"showFog":true,"showMaterialUpdate":true,"showSkybox":false,"showFlares":true,"showImageEffects":true,"showParticleSystems":true},"in2DMode":false,"pivot":{"x":0.0,"y":0.5099999904632568,"z":-0.05999991297721863},"rotation":{"x":-0.005592132452875376,"y":0.9943622350692749,"z":-0.07952878624200821,"w":-0.06991840153932572},"size":2.478956937789917,"orthographic":false}