{"cameraMode":{"drawMode":0,"name":"Shaded","section":"Shading Mode"},"sceneLighting":false,"audioPlay":false,"sceneViewState":{"showFog":false,"showMaterialUpdate":false,"showSkybox":false,"showFlares":false,"showImageEffects":false,"showParticleSystems":false},"in2DMode":false,"pivot":{"x":6.051499843597412,"y":3.0220000743865969,"z":-0.5099999904632568},"rotation":{"x":0.4643656611442566,"y":-0.0159391351044178,"z":0.00836147926747799,"w":0.8854684233665466},"size":0.637485682964325,"orthographic":true}