{"cameraMode":{"drawMode":0,"name":"Shaded","section":"Shading Mode"},"sceneLighting":false,"audioPlay":false,"sceneViewState":{"showFog":false,"showMaterialUpdate":false,"showSkybox":false,"showFlares":false,"showImageEffects":false,"showParticleSystems":false},"in2DMode":false,"pivot":{"x":0.10717234760522843,"y":-4.682989120483398,"z":-8.824481010437012},"rotation":{"x":0.23566068708896638,"y":0.0029164014849811794,"z":-0.0007064251694828272,"w":0.9718340039253235},"size":25.40057945251465,"orthographic":false}