{"cameraMode":{"drawMode":0,"name":"Shaded","section":"Shading Mode"},"sceneLighting":false,"audioPlay":false,"sceneViewState":{"showFog":true,"showMaterialUpdate":true,"showSkybox":false,"showFlares":true,"showImageEffects":true,"showParticleSystems":true},"in2DMode":false,"pivot":{"x":10.528999328613282,"y":1.6000001430511475,"z":1.2000001668930054},"rotation":{"x":0.25544750690460207,"y":-0.0029060998931527139,"z":0.0007668408798053861,"w":0.9668256640434265},"size":11.582952499389649,"orthographic":false}