{"cameraMode":{"drawMode":0,"name":"Shaded","section":"Shading Mode"},"sceneLighting":false,"audioPlay":false,"sceneViewState":{"showFog":true,"showMaterialUpdate":true,"showSkybox":false,"showFlares":true,"showImageEffects":true,"showParticleSystems":true},"in2DMode":false,"pivot":{"x":2.3657732009887697,"y":1.3633158206939698,"z":2.3080852031707765},"rotation":{"x":0.12743648886680604,"y":0.020822905004024507,"z":-0.002671273658052087,"w":0.9916404485702515},"size":7.341724395751953,"orthographic":false}