{"cameraMode":{"drawMode":0,"name":"Shaded","section":"Shading Mode"},"sceneLighting":false,"audioPlay":false,"sceneViewState":{"showFog":false,"showMaterialUpdate":false,"showSkybox":false,"showFlares":false,"showImageEffects":false,"showParticleSystems":false},"in2DMode":false,"pivot":{"x":5.163775444030762,"y":3.109079360961914,"z":0.12042760848999024},"rotation":{"x":0.24942418932914735,"y":0.1288200318813324,"z":-0.03349733352661133,"w":0.9592053294181824},"size":6.527288436889648,"orthographic":false}