{"cameraMode":{"drawMode":0,"name":"Shaded","section":"Shading Mode"},"sceneLighting":false,"audioPlay":false,"sceneViewState":{"showFog":false,"showMaterialUpdate":false,"showSkybox":false,"showFlares":false,"showImageEffects":false,"showParticleSystems":false},"in2DMode":false,"pivot":{"x":-0.47931915521621706,"y":1.4266600608825684,"z":0.4729318618774414},"rotation":{"x":0.4511559009552002,"y":0.08544248342514038,"z":-0.0434444434940815,"w":0.8872870206832886},"size":7.63750696182251,"orthographic":false}