{"cameraMode":{"drawMode":0,"name":"Shaded","section":"Shading Mode"},"sceneLighting":false,"audioPlay":false,"sceneViewState":{"showFog":true,"showMaterialUpdate":true,"showSkybox":false,"showFlares":true,"showImageEffects":true,"showParticleSystems":true},"in2DMode":false,"pivot":{"x":3.5960075855255129,"y":0.4000007212162018,"z":-0.5996026396751404},"rotation":{"x":0.3211040198802948,"y":0.0468481071293354,"z":-0.01590663753449917,"w":0.9457530975341797},"size":0.18630748987197877,"orthographic":false}