{"cameraMode":{"drawMode":0,"name":"Shaded","section":"Shading Mode"},"sceneLighting":false,"audioPlay":false,"sceneViewState":{"showFog":false,"showMaterialUpdate":false,"showSkybox":false,"showFlares":false,"showImageEffects":false,"showParticleSystems":false},"in2DMode":false,"pivot":{"x":16.118127822875978,"y":-8.089072227478028,"z":2.960946559906006},"rotation":{"x":0.15427257120609284,"y":-0.20585042238235475,"z":0.032881882041692737,"w":0.9657915830612183},"size":8.131924629211426,"orthographic":false}