{"cameraMode":{"drawMode":0,"name":"Shaded","section":"Shading Mode"},"sceneLighting":false,"audioPlay":false,"sceneViewState":{"showFog":true,"showMaterialUpdate":true,"showSkybox":false,"showFlares":true,"showImageEffects":true,"showParticleSystems":true},"in2DMode":false,"pivot":{"x":-0.4999999701976776,"y":0.4999999701976776,"z":0.4999999701976776},"rotation":{"x":0.7109215259552002,"y":0.0052400571294128899,"z":-0.005370367784053087,"w":0.7032667994499207},"size":5.2578840255737309,"orthographic":false}