{"cameraMode":{"drawMode":0,"name":"Shaded","section":"Shading Mode"},"sceneLighting":true,"audioPlay":false,"sceneViewState":{"showFog":true,"showMaterialUpdate":true,"showSkybox":false,"showFlares":true,"showImageEffects":true,"showParticleSystems":true},"in2DMode":false,"pivot":{"x":9.194999694824219,"y":2.5799999237060549,"z":1.8999998569488526},"rotation":{"x":0.3211040198802948,"y":0.0468481071293354,"z":-0.01590663753449917,"w":0.9457530975341797},"size":16.004150390625,"orthographic":false}