{"cameraMode":{"drawMode":0,"name":"Shaded","section":"Shading Mode"},"sceneLighting":true,"audioPlay":false,"sceneViewState":{"showFog":true,"showMaterialUpdate":true,"showSkybox":true,"showFlares":true,"showImageEffects":true,"showParticleSystems":true},"in2DMode":false,"pivot":{"x":1.3896565437316895,"y":1.671691656112671,"z":-0.1599833369255066},"rotation":{"x":0.04002029821276665,"y":-0.3908922076225281,"z":0.01701376773416996,"w":0.919413685798645},"size":0.7071549892425537,"orthographic":false}