{"cameraMode":{"drawMode":0,"name":"Shaded","section":"Shading Mode"},"sceneLighting":true,"audioPlay":false,"sceneViewState":{"showFog":true,"showMaterialUpdate":true,"showSkybox":true,"showFlares":true,"showImageEffects":true,"showParticleSystems":true},"in2DMode":false,"pivot":{"x":6.16650915145874,"y":2.7414846420288088,"z":-1.391176700592041},"rotation":{"x":0.27158287167549136,"y":-0.07928764820098877,"z":0.022457215934991838,"w":0.9588817358016968},"size":6.304495334625244,"orthographic":false}