{"cameraMode":{"drawMode":0,"name":"Shaded","section":"Shading Mode"},"sceneLighting":false,"audioPlay":false,"sceneViewState":{"showFog":false,"showMaterialUpdate":false,"showSkybox":false,"showFlares":false,"showImageEffects":false,"showParticleSystems":false},"in2DMode":false,"pivot":{"x":3.9699413776397707,"y":-0.3330216407775879,"z":0.19858098030090333},"rotation":{"x":0.20675458014011384,"y":0.046942681074142459,"z":-0.009931879118084908,"w":0.9772178530693054},"size":16.478723526000978,"orthographic":false}