{"cameraMode":{"drawMode":0,"name":"Shaded","section":"Shading Mode"},"sceneLighting":false,"audioPlay":false,"sceneViewState":{"showFog":false,"showMaterialUpdate":false,"showSkybox":false,"showFlares":false,"showImageEffects":false,"showParticleSystems":false},"in2DMode":false,"pivot":{"x":7.027596473693848,"y":1.541700005531311,"z":0.0},"rotation":{"x":0.06886102259159088,"y":-0.049361951649188998,"z":0.0034146371763199569,"w":0.9964062571525574},"size":13.318201065063477,"orthographic":true}