{"cameraMode":{"drawMode":0,"name":"Shaded","section":"Shading Mode"},"sceneLighting":false,"audioPlay":false,"sceneViewState":{"showFog":false,"showMaterialUpdate":false,"showSkybox":false,"showFlares":false,"showImageEffects":false,"showParticleSystems":false},"in2DMode":false,"pivot":{"x":6.369935035705566,"y":2.791501998901367,"z":-1.505798578262329},"rotation":{"x":-0.4125683903694153,"y":0.09590168297290802,"z":-0.043728988617658618,"w":-0.9048096537590027},"size":3.52451229095459,"orthographic":false}