{"cameraMode":{"drawMode":0,"name":"Shaded","section":"Shading Mode"},"sceneLighting":false,"audioPlay":false,"sceneViewState":{"showFog":false,"showMaterialUpdate":false,"showSkybox":false,"showFlares":false,"showImageEffects":false,"showParticleSystems":false},"in2DMode":false,"pivot":{"x":6.9764885902404789,"y":1.5299739837646485,"z":0.19451236724853517},"rotation":{"x":0.5363314151763916,"y":0.02657669223845005,"z":-0.016900723800063134,"w":0.8434218764305115},"size":28.023757934570314,"orthographic":false}