{"cameraMode":{"drawMode":0,"name":"Shaded","section":"Shading Mode"},"sceneLighting":false,"audioPlay":false,"sceneViewState":{"showFog":false,"showMaterialUpdate":false,"showSkybox":false,"showFlares":false,"showImageEffects":false,"showParticleSystems":false},"in2DMode":false,"pivot":{"x":3.8011550903320314,"y":0.021766185760498048,"z":-0.7827658653259277},"rotation":{"x":0.08064641803503037,"y":0.08064635843038559,"z":-0.006555129773914814,"w":0.9934621453285217},"size":6.411859512329102,"orthographic":false}