{"cameraMode":{"drawMode":0,"name":"Shaded","section":"Shading Mode"},"sceneLighting":false,"audioPlay":false,"sceneViewState":{"showFog":false,"showMaterialUpdate":false,"showSkybox":false,"showFlares":false,"showImageEffects":false,"showParticleSystems":false},"in2DMode":false,"pivot":{"x":1.2855321168899537,"y":-1.497794508934021,"z":-0.14221414923667909},"rotation":{"x":0.0794161856174469,"y":-0.002990282140672207,"z":0.00023836203035898507,"w":0.9968377351760864},"size":3.843501329421997,"orthographic":true}