{"cameraMode":{"drawMode":0,"name":"Shaded","section":"Shading Mode"},"sceneLighting":true,"audioPlay":false,"sceneViewState":{"showFog":true,"showMaterialUpdate":true,"showSkybox":true,"showFlares":true,"showImageEffects":true,"showParticleSystems":true},"in2DMode":false,"pivot":{"x":-3.123643398284912,"y":-3.164567470550537,"z":-0.7623100280761719},"rotation":{"x":-0.11104962974786759,"y":-0.023255914449691774,"z":0.0025993911549448969,"w":-0.9935397505760193},"size":48.927425384521487,"orthographic":false}