{"cameraMode":{"drawMode":0,"name":"Shaded","section":"Shading Mode"},"sceneLighting":false,"audioPlay":false,"sceneViewState":{"showFog":false,"showMaterialUpdate":false,"showSkybox":false,"showFlares":false,"showImageEffects":false,"showParticleSystems":false},"in2DMode":false,"pivot":{"x":6.129087924957275,"y":3.211411714553833,"z":-0.050454020500183108},"rotation":{"x":-0.09032753854990006,"y":0.3414011597633362,"z":-0.032984741032123569,"w":-0.9349921941757202},"size":0.467229962348938,"orthographic":false}