{"cameraMode":{"drawMode":0,"name":"Shaded","section":"Shading Mode"},"sceneLighting":false,"audioPlay":false,"sceneViewState":{"showFog":false,"showMaterialUpdate":false,"showSkybox":false,"showFlares":false,"showImageEffects":false,"showParticleSystems":false},"in2DMode":false,"pivot":{"x":3.955286741256714,"y":3.001600503921509,"z":-0.23641300201416017},"rotation":{"x":0.09577503800392151,"y":0.040302593261003497,"z":-0.0038873928133398296,"w":0.9945886135101318},"size":1.2832717895507813,"orthographic":false}