{"cameraMode":{"drawMode":0,"name":"Shaded","section":"Shading Mode"},"sceneLighting":false,"audioPlay":false,"sceneViewState":{"showFog":false,"showMaterialUpdate":false,"showSkybox":false,"showFlares":false,"showImageEffects":false,"showParticleSystems":false},"in2DMode":false,"pivot":{"x":7.844513893127441,"y":-1.3205045461654664,"z":0.6805663108825684},"rotation":{"x":0.056364234536886218,"y":-0.011980421841144562,"z":0.0006771246553398669,"w":0.9983433485031128},"size":11.526601791381836,"orthographic":false}