{"cameraMode":{"drawMode":0,"name":"Shaded","section":"Shading Mode"},"sceneLighting":false,"audioPlay":false,"sceneViewState":{"showFog":true,"showMaterialUpdate":true,"showSkybox":false,"showFlares":true,"showImageEffects":true,"showParticleSystems":true},"in2DMode":false,"pivot":{"x":0.0,"y":0.5099999904632568,"z":-0.05999991297721863},"rotation":{"x":-0.06818205118179321,"y":0.9188680052757263,"z":-0.3430452048778534,"w":-0.18263034522533418},"size":2.478956937789917,"orthographic":false}