{"cameraMode":{"drawMode":0,"name":"Shaded","section":"Shading Mode"},"sceneLighting":false,"audioPlay":false,"sceneViewState":{"showFog":false,"showMaterialUpdate":false,"showSkybox":false,"showFlares":false,"showImageEffects":false,"showParticleSystems":false},"in2DMode":false,"pivot":{"x":3.1896464824676515,"y":0.07949352264404297,"z":-2.6698660850524904},"rotation":{"x":0.5363314151763916,"y":0.02657669223845005,"z":-0.016900723800063134,"w":0.8434218764305115},"size":13.414749145507813,"orthographic":false}